{
  "__inputs": [
    {
      "name": "DS_PROMETHEUS",
      "label": "Prometheus",
      "description": "Prometheus datasource",
      "type": "datasource",
      "pluginId": "prometheus",
      "pluginName": "Prometheus"
    }
  ],
  "__requires": [
    {
      "type": "grafana",
      "id": "grafana",
      "name": "Grafana",
      "version": "9.5.0"
    },
    {
      "type": "panel",
      "id": "timeseries",
      "name": "Time series",
      "version": "9.5.0"
    },
    {
      "type": "panel",
      "id": "stat",
      "name": "Stat",
      "version": "9.5.0"
    },
    {
      "type": "datasource",
      "id": "prometheus",
      "name": "Prometheus",
      "version": "2.40.0"
    }
  ],
  "annotations": {
    "list": []
  },
  "editable": true,
  "fiscalYearStartMonth": 0,
  "graphTooltip": 0,
  "id": null,
  "iteration": 1697625600000,
  "links": [],
  "liveNow": false,
  "panels": [
    {
      "datasource": {
        "type": "prometheus",
        "uid": "${DS_PROMETHEUS}"
      },
      "fieldConfig": {
        "defaults": {
          "unit": "reqps"
        },
        "overrides": []
      },
      "gridPos": {
        "h": 9,
        "w": 12,
        "x": 0,
        "y": 0
      },
      "id": 1,
      "options": {
        "legend": {
          "displayMode": "table",
          "placement": "bottom"
        },
        "tooltip": {
          "mode": "multi"
        }
      },
      "targets": [
        {
          "datasource": {
            "type": "prometheus",
            "uid": "${DS_PROMETHEUS}"
          },
          "editorMode": "code",
          "expr": "sum by (endpoint) (rate(videokit_api_billable_requests_total{job=~\"$job\", endpoint=~\"$endpoint\"}[5m]))",
          "legendFormat": "{{endpoint}}",
          "range": true,
          "refId": "A"
        }
      ],
      "title": "Billable request rate by endpoint",
      "type": "timeseries"
    },
    {
      "datasource": {
        "type": "prometheus",
        "uid": "${DS_PROMETHEUS}"
      },
      "fieldConfig": {
        "defaults": {
          "unit": "reqps"
        },
        "overrides": []
      },
      "gridPos": {
        "h": 9,
        "w": 12,
        "x": 12,
        "y": 0
      },
      "id": 2,
      "options": {
        "legend": {
          "displayMode": "list"
        },
        "tooltip": {
          "mode": "multi"
        }
      },
      "targets": [
        {
          "datasource": {
            "type": "prometheus",
            "uid": "${DS_PROMETHEUS}"
          },
          "editorMode": "code",
          "expr": "sum by (billable) (rate(videokit_api_billable_requests_total{job=~\"$job\"}[5m]))",
          "legendFormat": "billable={{billable}}",
          "range": true,
          "refId": "A"
        }
      ],
      "title": "Billable vs non-billable",
      "type": "timeseries"
    },
    {
      "datasource": {
        "type": "prometheus",
        "uid": "${DS_PROMETHEUS}"
      },
      "fieldConfig": {
        "defaults": {
          "unit": "ms"
        },
        "overrides": []
      },
      "gridPos": {
        "h": 9,
        "w": 12,
        "x": 0,
        "y": 9
      },
      "id": 3,
      "options": {
        "legend": {
          "displayMode": "table"
        },
        "tooltip": {
          "mode": "multi"
        }
      },
      "targets": [
        {
          "datasource": {
            "type": "prometheus",
            "uid": "${DS_PROMETHEUS}"
          },
          "editorMode": "code",
          "expr": "histogram_quantile(0.90, sum by (le) (rate(videokit_api_billable_duration_ms_bucket{job=~\"$job\", endpoint=~\"$endpoint\"}[5m])))",
          "legendFormat": "p90",
          "range": true,
          "refId": "A"
        },
        {
          "datasource": {
            "type": "prometheus",
            "uid": "${DS_PROMETHEUS}"
          },
          "editorMode": "code",
          "expr": "histogram_quantile(0.50, sum by (le) (rate(videokit_api_billable_duration_ms_bucket{job=~\"$job\", endpoint=~\"$endpoint\"}[5m])))",
          "legendFormat": "p50",
          "range": true,
          "refId": "B"
        }
      ],
      "title": "Billing middleware latency",
      "type": "timeseries"
    },
    {
      "datasource": {
        "type": "prometheus",
        "uid": "${DS_PROMETHEUS}"
      },
      "fieldConfig": {
        "defaults": {
          "color": {
            "mode": "thresholds"
          },
          "mappings": [],
          "thresholds": {
            "mode": "absolute",
            "steps": [
              {
                "color": "green",
                "value": null
              },
              {
                "color": "red",
                "value": 1
              }
            ]
          },
          "unit": "none"
        },
        "overrides": []
      },
      "gridPos": {
        "h": 9,
        "w": 6,
        "x": 12,
        "y": 9
      },
      "id": 4,
      "options": {
        "colorMode": "value",
        "graphMode": "none",
        "justifyMode": "center",
        "orientation": "horizontal",
        "reduceOptions": {
          "calcs": [
            "sum"
          ],
          "fields": "",
          "values": false
        }
      },
      "targets": [
        {
          "datasource": {
            "type": "prometheus",
            "uid": "${DS_PROMETHEUS}"
          },
          "editorMode": "code",
          "expr": "sum(increase(quota_block_total{job=~\"$job\", endpoint=~\"$endpoint\"}[1h]))",
          "legendFormat": "quota blocks",
          "range": true,
          "refId": "A"
        }
      ],
      "title": "Quota blocks (last hour)",
      "type": "stat"
    },
    {
      "datasource": {
        "type": "prometheus",
        "uid": "${DS_PROMETHEUS}"
      },
      "fieldConfig": {
        "defaults": {
          "color": {
            "mode": "thresholds"
          },
          "mappings": [],
          "thresholds": {
            "mode": "absolute",
            "steps": [
              {
                "color": "green",
                "value": null
              },
              {
                "color": "orange",
                "value": 1
              },
              {
                "color": "red",
                "value": 5
              }
            ]
          },
          "unit": "none"
        },
        "overrides": []
      },
      "gridPos": {
        "h": 9,
        "w": 6,
        "x": 18,
        "y": 9
      },
      "id": 5,
      "options": {
        "colorMode": "value",
        "graphMode": "none",
        "justifyMode": "center",
        "orientation": "horizontal",
        "reduceOptions": {
          "calcs": [
            "sum"
          ],
          "fields": "",
          "values": false
        }
      },
      "targets": [
        {
          "datasource": {
            "type": "prometheus",
            "uid": "${DS_PROMETHEUS}"
          },
          "editorMode": "code",
          "expr": "sum(increase(analytics_insert_failures_total{job=~\"$job\"}[1h]))",
          "legendFormat": "ingest failures",
          "range": true,
          "refId": "A"
        }
      ],
      "title": "Analytics insert failures (last hour)",
      "type": "stat"
    }
  ],
  "refresh": "30s",
  "schemaVersion": 38,
  "style": "dark",
  "tags": [
    "videokit",
    "billing"
  ],
  "templating": {
    "list": [
      {
        "current": {
          "selected": false,
          "text": "Prometheus",
          "value": "Prometheus"
        },
        "hide": 0,
        "label": "Data source",
        "name": "DS_PROMETHEUS",
        "options": [],
        "query": "prometheus",
        "refresh": 1,
        "type": "datasource"
      },
      {
        "current": {
          "selected": false,
          "text": "videokit-api",
          "value": "videokit-api"
        },
        "datasource": {
          "type": "prometheus",
          "uid": "${DS_PROMETHEUS}"
        },
        "definition": "label_values(videokit_api_billable_requests_total, job)",
        "hide": 0,
        "includeAll": false,
        "label": "Job",
        "multi": false,
        "name": "job",
        "query": "label_values(videokit_api_billable_requests_total, job)",
        "refresh": 1,
        "regex": "",
        "sort": 1,
        "type": "query"
      },
      {
        "current": {
          "selected": false,
          "text": "All",
          "value": ".*"
        },
        "datasource": {
          "type": "prometheus",
          "uid": "${DS_PROMETHEUS}"
        },
        "definition": "label_values(videokit_api_billable_requests_total{job=~\"$job\"}, endpoint)",
        "hide": 0,
        "includeAll": true,
        "label": "Endpoint",
        "multi": false,
        "name": "endpoint",
        "query": "label_values(videokit_api_billable_requests_total{job=~\"$job\"}, endpoint)",
        "refresh": 1,
        "regex": "",
        "sort": 1,
        "type": "query"
      }
    ]
  },
  "time": {
    "from": "now-6h",
    "to": "now"
  },
  "timepicker": {},
  "timezone": "browser",
  "title": "Billing & Quota Health",
  "uid": "videokit-billing-quota",
  "version": 1,
  "weekStart": ""
}
